{
  "finanzas": ["UCI-S1","UCI-S2","UCI-S3","UCI-S4","UCI-S5","UCI-S6","UCI-S7","UCI-S8","UCI-S9","UCI-S10"],
  "procesos": ["UNI-S1","UNI-S2","UNI-S3","UNI-S4","UNI-S5","UNI-S6","UNI-S7","UNI-S8","UNI-S9","UNI-S10"],
  "comercial": ["CARDIO-S1","CARDIO-S2","CARDIO-S3","CARDIO-S4","CARDIO-S5","CARDIO-S6","CARDIO-S7","CARDIO-S8","CARDIO-S9","CARDIO-S10"],
  "estrategia": ["NEURO-S1","NEURO-S2","NEURO-S3","NEURO-S4","NEURO-S5","NEURO-S6","NEURO-S7","NEURO-S8","NEURO-S9","NEURO-S10"],
  "gestion": ["CLI-S1","CLI-S2","CLI-S3","CLI-S4","CLI-S5","CLI-S6","CLI-S7","CLI-S8","CLI-S9","CLI-S10"],
  "marca": ["CIR-S1","CIR-S2","CIR-S3","CIR-S4","CIR-S5","CIR-S6","CIR-S7","CIR-S8","CIR-S9","CIR-S10"],
  "organizacional": ["PSI-S1","PSI-S2","PSI-S3","PSI-S4","PSI-S5","PSI-S6","PSI-S7","PSI-S8","PSI-S9","PSI-S10"],
  "personas": ["RES-S1","RES-S2","RES-S3","RES-S4","RES-S5","RES-S6","RES-S7","RES-S8","RES-S9","RES-S10"],
  "experiencia": ["TER-S1","TER-S2","TER-S3","TER-S4","TER-S5","TER-S6","TER-S7","TER-S8","TER-S9","TER-S10"]
}