{
  "liquidez": ["UCI-S1"],
  "rentabilidad": ["UCI-S2"],
  "cobros": ["UCI-S3", "UCI-S4"],
  "inventario": ["UCI-S5"],
  "proveedores": ["UCI-S6"],
  "endeudamiento": ["UCI-S7"],
  "portafolio": ["UCI-S8"],
  "estructura": ["UCI-S9"],
  "excelencia": ["UCI-S10", "CARDIO-S10", "NEURO-S10", "CLI-S10", "CIR-S10", "PSI-S10", "RES-S10", "TER-S10"],

  "tiempos": ["UNI-S1"],
  "productividad": ["UNI-S2"],
  "calidad": ["UNI-S3"],
  "eficiencia": ["UNI-S4"],
  "mejora continua": ["UNI-S5"],
  "desperdicio": ["UNI-S6"],
  "roles": ["UNI-S7", "CLI-S7", "RES-S6"],
  "comunicación": ["UNI-S8", "CARDIO-S9", "PSI-S3"],
  "mantenimiento": ["UNI-S9"],
  "capacidad": ["UNI-S10"],

  "ventas": ["CARDIO-S1"],
  "retención": ["CARDIO-S2"],
  "producto": ["CARDIO-S3"],
  "captación": ["CARDIO-S4", "CARDIO-S8"],
  "fidelización": ["CARDIO-S5"],
  "precio": ["CARDIO-S6"],
  "postventa": ["CARDIO-S7"],

  "visión": ["NEURO-S1", "NEURO-S9"],
  "priorización": ["NEURO-S2"],
  "planificación": ["NEURO-S3"],
  "datos": ["NEURO-S4"],
  "decisión": ["NEURO-S5"],
  "interconexión": ["NEURO-S6"],
  "adaptabilidad": ["NEURO-S7"],
  "alineación": ["NEURO-S8"],

  "operativa": ["CLI-S1"],
  "información": ["CLI-S2"],
  "tiempo": ["CLI-S3"],
  "conocimiento": ["CLI-S4"],
  "automatización": ["CLI-S5"],
  "costes": ["CLI-S6"],
  "reuniones": ["CLI-S8"],
  "ritmos": ["CLI-S9"],

  "identidad": ["CIR-S1"],
  "presentación": ["CIR-S2"],
  "coherencia": ["CIR-S3"],
  "comunicación visual": ["CIR-S4"],
  "impacto": ["CIR-S5"],
  "estética": ["CIR-S6"],
  "materiales": ["CIR-S7"],
  "personalidad": ["CIR-S8"],
  "diferenciación": ["CIR-S9"],

  "clima": ["PSI-S1"],
  "cohesión": ["PSI-S2"],
  "liderazgo": ["PSI-S4"],
  "cultura": ["PSI-S5", "RES-S5", "RES-S9"],
  "perfiles": ["PSI-S6"],
  "seguridad": ["PSI-S7"],
  "motivación": ["PSI-S8"],
  "autoconciencia": ["PSI-S9"],

  "estructura personas": ["RES-S1"],
  "carga": ["RES-S2"],
  "onboarding": ["RES-S3"],
  "escalabilidad": ["RES-S4", "RES-S8"],
  "sucesión": ["RES-S7"],

  "consistencia": ["TER-S1"],
  "valor": ["TER-S2"],
  "multicanalidad": ["TER-S3"],
  "reputación": ["TER-S4"],
  "digitalización": ["TER-S5"],
  "claridad": ["TER-S6"],
  "fidelización experiencia": ["TER-S7"],
  "velocidad": ["TER-S8"],
  "emocional": ["TER-S9"]
}