{
  "specialty": "finanzas",
  "symptoms": [
    {
      "id": "UCI-S1",
      "name": "Hemorragia de Caja",
      "specialty": "finanzas",
      "plan": "PIE",
      "domain": "liquidez",
      "description": "Pérdida inmediata y peligrosa de liquidez que compromete la estabilidad operativa.",
      "kpi": {
        "question": "¿Cuánto tiempo aguantas vivo si hoy dejas de vender?",
        "scale_min": 1,
        "scale_max": 4
      },
      "thresholds": {
        "critical": 70,
        "recommended": 85,
        "optimizer": 95,
        "elite": 100
      },
      "treatment": {
        "decision": "Priorización de pagos",
        "decision_explanation": "Detener la pérdida inmediata de liquidez",
        "action": "Arqueo y plan de cobro inmediato",
        "action_explanation": "Evita colapso financiero inmediato",
        "tool": "Matriz de Tesorería",
        "tool_explanation": "Detecta dónde se pierde dinero",
        "objective": "Aumentar liquidez inmediata y evitar ruptura de caja",
        "kpi_target": "Días de vida > 30",
        "activation_condition": "Liquidez < 15 días",
        "success_condition": "Liquidez estabilizada por encima de 30 días",
        "risk_if_ignored": "Riesgo de quiebra operativa en menos de 30 días",
        "sequence": [
          "Realizar arqueo inmediato",
          "Clasificar pagos urgentes",
          "Ejecutar plan de cobro acelerado"
        ],
        "impact_level": "alto",
        "timeframe": "48-72 horas"
      },
      "master_treatment": {
        "master_decision": "Gobierno de Liquidez",
        "master_decision_explanation": "Controlar flujo vital del negocio",
        "master_action": "Diseñar sistema de control de caja",
        "master_action_explanation": "Evita recaídas y estabiliza finanzas",
        "master_tool": "Radar de Liquidez",
        "master_tool_explanation": "Monitorea salud financiera en tiempo real"
      },
      "inputs": {
        "input_a": "Saldo Total promedio últimos 3 meses",
        "input_b": "Gastos Fijos: Nóminas, alquiler y cuotas",
        "formula": "Saldo / (Gastos / 30)",
        "impact": "Días de Vida: Tiempo de reacción antes de quebrar"
      },
      "review": {
        "input_revised_1": "Saldo Post",
        "input_revised_2": "Pagos Post",
        "result_revised": "+ Días vida"
      }
    },
    {
      "id": "UCI-S2",
      "name": "Infección de Margen",
      "specialty": "finanzas",
      "plan": "PIE",
      "domain": "rentabilidad",
      "description": "Margen insuficiente que compromete la sostenibilidad del negocio.",
      "kpi": {
        "question": "¿Cada euro que entra te hace más rico o más pobre?",
        "scale_min": 1,
        "scale_max": 4
      },
      "thresholds": {
        "critical": 70,
        "recommended": 85,
        "optimizer": 95,
        "elite": 100
      },
      "treatment": {
        "decision": "Saneamiento de cartera",
        "decision_explanation": "Eliminar productos o clientes que destruyen margen",
        "action": "Escandallo de costes vs. precios",
        "action_explanation": "Detecta fugas de rentabilidad",
        "tool": "Análisis Pareto 80/20",
        "tool_explanation": "Identifica los productos que sostienen el negocio",
        "objective": "Aumentar margen bruto por encima del 40%",
        "kpi_target": "Margen > 40%",
        "activation_condition": "Margen < 25%",
        "success_condition": "Margen estabilizado por encima del 40%",
        "risk_if_ignored": "Pérdida progresiva de rentabilidad",
        "sequence": [
          "Analizar productos por margen",
          "Eliminar productos vampiro",
          "Reajustar precios"
        ],
        "impact_level": "alto",
        "timeframe": "1-2 semanas"
      },
      "master_treatment": {
        "master_decision": "Gobierno de Rentabilidad",
        "master_decision_explanation": "Asegurar que cada venta suma y no resta",
        "master_action": "Reestructurar portafolio",
        "master_action_explanation": "Eliminar productos vampiro",
        "master_tool": "Radar de Margen",
        "master_tool_explanation": "Monitoriza la salud del margen en tiempo real"
      },
      "inputs": {
        "input_a": "Ventas del Mes",
        "input_b": "Compras del Mes",
        "formula": "((Ventas - Compras) / Ventas) x 100",
        "impact": "% Margen: Cuántos céntimos te quedan de cada euro"
      },
      "review": {
        "input_revised_1": "Ingresos Post",
        "input_revised_2": "Costes Post",
        "result_revised": "+ % Margen"
      }
    },
    {
      "id": "UCI-S3",
      "name": "Isquemia de Facturación",
      "specialty": "finanzas",
      "plan": "PIE",
      "domain": "cobros",
      "description": "Brecha entre lo facturado y lo realmente cobrado.",
      "kpi": {
        "question": "¿El dinero que facturas realmente llega al banco?",
        "scale_min": 1,
        "scale_max": 4
      },
      "thresholds": {
        "critical": 70,
        "recommended": 85,
        "optimizer": 95,
        "elite": 100
      },
      "treatment": {
        "decision": "Aceleración de ciclo",
        "decision_explanation": "Reducir el tiempo entre venta y cobro",
        "action": "Facturar hitos y adelantar cobros",
        "action_explanation": "Aumenta liquidez inmediata",
        "tool": "Ciclo de Caja",
        "tool_explanation": "Visualiza dónde se atasca el dinero",
        "objective": "Reducir brecha de cobro a menos del 10%",
        "kpi_target": "Brecha < 10%",
        "activation_condition": "Brecha > 20%",
        "success_condition": "Brecha reducida por debajo del 10%",
        "risk_if_ignored": "Tensiones de caja recurrentes",
        "sequence": [
          "Revisar facturación pendiente",
          "Contactar clientes con deuda",
          "Reestructurar hitos de cobro"
        ],
        "impact_level": "alto",
        "timeframe": "72 horas"
      },
      "master_treatment": {
        "master_decision": "Gobierno de Cobros",
        "master_decision_explanation": "Eliminar la brecha entre facturación y liquidez real",
        "master_action": "Reestructurar política de cobros",
        "master_action_explanation": "Evita tensiones de caja",
        "master_tool": "Radar de Cobros",
        "master_tool_explanation": "Monitoriza cobros en tiempo real"
      },
      "inputs": {
        "input_a": "Total Facturado",
        "input_b": "Total Cobrado",
        "formula": "Facturado - Cobrado",
        "impact": "Brecha de Cobro: Dinero que falta para tener éxito real"
      },
      "review": {
        "input_revised_1": "Ventas Post",
        "input_revised_2": "Cobros Post",
        "result_revised": "€ Rescatados"
      }
    },
    {
      "id": "UCI-S4",
      "name": "Arritmia de Cobro",
      "specialty": "finanzas",
      "plan": "PRE",
      "domain": "cobros",
      "description": "Clientes que pagan tarde o cuando quieren.",
      "kpi": {
        "question": "¿Tus clientes te pagan cuando deben o cuando quieren?",
        "scale_min": 1,
        "scale_max": 4
      },
      "thresholds": {
        "critical": 70,
        "recommended": 85,
        "optimizer": 95,
        "elite": 100
      },
      "treatment": {
        "decision": "Filtro de calidad",
        "decision_explanation": "Clasificar clientes por riesgo",
        "action": "Clasificación de clientes por riesgo y valor",
        "action_explanation": "Evita impagos futuros",
        "tool": "Regla 5/25",
        "tool_explanation": "Detecta clientes tóxicos",
        "objective": "Reducir días de cobro",
        "kpi_target": "Días de cobro < 45",
        "activation_condition": "Días de cobro > 60",
        "success_condition": "Cobro estabilizado por debajo de 45 días",
        "risk_if_ignored": "Aumento de impagos",
        "sequence": [
          "Clasificar clientes por riesgo",
          "Reestructurar condiciones de pago",
          "Aplicar recordatorios automáticos"
        ],
        "impact_level": "medio",
        "timeframe": "1 semana"
      },
      "master_treatment": {
        "master_decision": "Gobierno de Cartera",
        "master_decision_explanation": "Asegurar recurrencia y salud financiera",
        "master_action": "Reestructurar cartera",
        "master_action_explanation": "Eliminar clientes de alto riesgo",
        "master_tool": "Radar de Cartera",
        "master_tool_explanation": "Monitoriza riesgo de clientes"
      },
      "inputs": {
        "input_a": "Deuda Clientes",
        "input_b": "Venta Diaria",
        "formula": "Deuda / Venta Diaria",
        "impact": "Días de Espera: Cuánto tardas de media en cobrar"
      },
      "review": {
        "input_revised_1": "Saldo Nuevo",
        "input_revised_2": "Venta Mes",
        "result_revised": "- Días cobro"
      }
    },
    {
      "id": "UCI-S5",
      "name": "Atrofia de Stock",
      "specialty": "finanzas",
      "plan": "PRE",
      "domain": "inventario",
      "description": "Stock inmovilizado que destruye liquidez.",
      "kpi": {
        "question": "¿Cuánto dinero tienes parado en estanterías?",
        "scale_min": 1,
        "scale_max": 4
      },
      "thresholds": {
        "critical": 70,
        "recommended": 85,
        "optimizer": 95,
        "elite": 100
      },
      "treatment": {
        "decision": "Liquidación de activos",
        "decision_explanation": "Recuperar liquidez inmediata",
        "action": "Auditoría física de inventario inmovilizado",
        "action_explanation": "Detecta stock muerto",
        "tool": "Matriz ABC de Stock",
        "tool_explanation": "Clasifica inventario por rotación",
        "objective": "Reducir meses de stock",
        "kpi_target": "Meses de stock < 2",
        "activation_condition": "Meses de stock > 4",
        "success_condition": "Stock estabilizado por debajo de 2 meses",
        "risk_if_ignored": "Pérdida de liquidez",
        "sequence": [
          "Auditar inventario",
          "Clasificar por rotación",
          "Liquidar stock muerto"
        ],
        "impact_level": "medio",
        "timeframe": "1-2 semanas"
      },
      "master_treatment": {
        "master_decision": "Gobierno de Inventario",
        "master_decision_explanation": "Evitar acumulación de stock improductivo",
        "master_action": "Optimizar rotación",
        "master_action_explanation": "Aumenta liquidez",
        "master_tool": "Radar de Stock",
        "master_tool_explanation": "Monitoriza rotación real"
      },
      "inputs": {
        "input_a": "Valor Almacén",
        "input_b": "Salida Almacén",
        "formula": "Almacén / Salida Mes",
        "impact": "Meses de Stock: Tiempo que podrías vender sin comprar nada"
      },
      "review": {
        "input_revised_1": "Valor Nuevo",
        "input_revised_2": "Coste Venta",
        "result_revised": "€ Liquidez"
      }
    },
    {
      "id": "UCI-S6",
      "name": "Tensión con Proveedores",
      "specialty": "finanzas",
      "plan": "PRE",
      "domain": "proveedores",
      "description": "Dependencia excesiva de plazos de pago.",
      "kpi": {
        "question": "¿Tus proveedores te financian o te ahogan?",
        "scale_min": 1,
        "scale_max": 4
      },
      "thresholds": {
        "critical": 70,
        "recommended": 85,
        "optimizer": 95,
        "elite": 100
      },
      "treatment": {
        "decision": "Apalancamiento operativo",
        "decision_explanation": "Ganar días de pago",
        "action": "Renegociar plazos y centralizar compras",
        "action_explanation": "Aumenta margen de maniobra",
        "tool": "Cuadro Negociación DPO",
        "tool_explanation": "Optimiza días de pago",
        "objective": "Aumentar días de pago",
        "kpi_target": "DPO > 45",
        "activation_condition": "DPO < 30",
        "success_condition": "DPO estabilizado por encima de 45",
        "risk_if_ignored": "Tensión de caja crónica",
        "sequence": [
          "Revisar deuda con proveedores",
          "Renegociar plazos",
          "Centralizar compras"
        ],
        "impact_level": "medio",
        "timeframe": "1 semana"
      },
      "master_treatment": {
        "master_decision": "Gobierno de Proveedores",
        "master_decision_explanation": "Controlar dependencia financiera",
        "master_action": "Optimizar compras",
        "master_action_explanation": "Evita tensiones de caja",
        "master_tool": "Radar de Proveedores",
        "master_tool_explanation": "Monitoriza DPO real"
      },
      "inputs": {
        "input_a": "Deuda Proveedores",
        "input_b": "Compra Diaria",
        "formula": "Deuda / Compra Diaria",
        "impact": "Días de Aire: Cuánto tiempo te están financiando"
      },
      "review": {
        "input_revised_1": "Saldo Nuevo",
        "input_revised_2": "Compras Mes",
        "result_revised": "+ Días pago"
      }
    },
    {
      "id": "UCI-S7",
      "name": "Colapso de Deuda",
      "specialty": "finanzas",
      "plan": "PRE",
      "domain": "endeudamiento",
      "description": "La deuda supera la capacidad de pago real.",
      "kpi": {
        "question": "¿Eres dueño de tu empresa o trabajas para el banco?",
        "scale_min": 1,
        "scale_max": 4
      },
      "thresholds": {
        "critical": 70,
        "recommended": 85,
        "optimizer": 95,
        "elite": 100
      },
      "treatment": {
        "decision": "Reestructuración de pasivo",
        "decision_explanation": "Reducir carga financiera",
        "action": "Actualización de Pool y Scoring Bancario",
        "action_explanation": "Mejora condiciones de deuda",
        "tool": "Dossier Bancario",
        "tool_explanation": "Negocia mejor con bancos",
        "objective": "Aumentar ratio de libertad financiera",
        "kpi_target": "Ratio > 2",
        "activation_condition": "Ratio < 1",
        "success_condition": "Ratio estabilizado por encima de 2",
        "risk_if_ignored": "Dependencia bancaria peligrosa",
        "sequence": [
          "Actualizar scoring",
          "Reestructurar préstamos",
          "Negociar nuevas condiciones"
        ],
        "impact_level": "alto",
        "timeframe": "2-4 semanas"
      },
      "master_treatment": {
        "master_decision": "Gobierno de Deuda",
        "master_decision_explanation": "Evitar dependencia bancaria",
        "master_action": "Optimizar estructura financiera",
        "master_action_explanation": "Aumenta solvencia",
        "master_tool": "Radar de Deuda",
        "master_tool_explanation": "Monitoriza ratios clave"
      },
      "inputs": {
        "input_a": "Beneficio Mes",
        "input_b": "Cuota Banco",
        "formula": "Beneficio / Cuota",
        "impact": "Ratio Libertad: Cuántas veces pagas la cuota con tu beneficio"
      },
      "review": {
        "input_revised_1": "Nuevo Ben.",
        "input_revised_2": "Nueva Cuota",
        "result_revised": "Solvencia Mejorada"
      }
    },
    {
      "id": "UCI-S8",
      "name": "Canibalismo de Oferta",
      "specialty": "finanzas",
      "plan": "PRE",
      "domain": "portafolio",
      "description": "Productos que consumen más recursos de los que generan.",
      "kpi": {
        "question": "¿Tus productos estrella realmente sostienen tu negocio?",
        "scale_min": 1,
        "scale_max": 4
      },
      "thresholds": {
        "critical": 70,
        "recommended": 85,
        "optimizer": 95,
        "elite": 100
      },
      "treatment": {
        "decision": "Purga de portafolio",
        "decision_explanation": "Eliminar productos con margen insuficiente",
        "action": "Escandallo de costes vs. precios",
        "action_explanation": "Detecta productos vampiro",
        "tool": "Matriz Margen/Esfuerzo",
        "tool_explanation": "Evalúa rentabilidad real",
        "objective": "Aumentar ROI de la oferta",
        "kpi_target": "ROI > 20%",
        "activation_condition": "ROI < 10%",
        "success_condition": "Portafolio con > 70% productos rentables",
        "risk_if_ignored": "Pérdida de margen y desgaste operativo",
        "sequence": [
          "Analizar productos por margen",
          "Eliminar productos vampiro",
          "Reforzar productos estrella"
        ],
        "impact_level": "alto",
        "timeframe": "2 semanas"
      },
      "master_treatment": {
        "master_decision": "Gobierno de Oferta",
        "master_decision_explanation": "Optimizar catálogo para maximizar rentabilidad",
        "master_action": "Eliminar productos tóxicos",
        "master_action_explanation": "Aumenta margen global",
        "master_tool": "Radar de Oferta",
        "master_tool_explanation": "Monitoriza ROI real"
      },
      "inputs": {
        "input_a": "Beneficio Producto",
        "input_b": "Horas/Coste Inv.",
        "formula": "Beneficio / Inversión",
        "impact": "ROI de Oferta: Rentabilidad real de lo que vendes"
      },
      "review": {
        "input_revised_1": "Nuevo Ben.",
        "input_revised_2": "Nuevo Coste",
        "result_revised": "+ Rentabilidad"
      }
    },
    {
      "id": "UCI-S9",
      "name": "Obesidad de Gasto Fijo",
      "specialty": "finanzas",
      "plan": "PRE",
      "domain": "estructura",
      "description": "Gastos fijos descontrolados que reducen margen.",
      "kpi": {
        "question": "¿Sabes cuánto vas a gastar este mes?",
        "scale_min": 1,
        "scale_max": 4
      },
      "thresholds": {
        "critical": 70,
        "recommended": 85,
        "optimizer": 95,
        "elite": 100
      },
      "treatment": {
        "decision": "Ablación de estructura",
        "decision_explanation": "Eliminar gastos sin retorno",
        "action": "Cortar gastos que no generan ROI",
        "action_explanation": "Aumenta margen neto",
        "tool": "Presupuesto Cero",
        "tool_explanation": "Evalúa cada gasto desde cero",
        "objective": "Reducir desviación presupuestaria",
        "kpi_target": "Desviación < 10%",
        "activation_condition": "Desviación > 25%",
        "success_condition": "Gasto fijo estabilizado",
        "risk_if_ignored": "Pérdida de margen y tensiones de caja",
        "sequence": [
          "Comparar gasto real vs. presupuestado",
          "Eliminar gastos sin ROI",
          "Reasignar presupuesto"
        ],
        "impact_level": "medio",
        "timeframe": "1 mes"
      },
      "master_treatment": {
        "master_decision": "Gobierno de Estructura",
        "master_decision_explanation": "Controlar gastos fijos estratégicamente",
        "master_action": "Optimizar estructura de costes",
        "master_action_explanation": "Aumenta rentabilidad sostenible",
        "master_tool": "Radar de Costes",
        "master_tool_explanation": "Monitoriza desviaciones"
      },
      "inputs": {
        "input_a": "Presupuesto",
        "input_b": "Gasto Real",
        "formula": "((Real - Presu) / Presu) x 100",
        "impact": "% Desviación: Nivel de control sobre el timón de la empresa"
      },
      "review": {
        "input_revised_1": "Gasto Presup.",
        "input_revised_2": "Gasto Real",
        "result_revised": "- Desviación"
      }
    },
    {
      "id": "UCI-S10",
      "name": "Caja Blindada",
      "specialty": "finanzas",
      "plan": "PRE",
      "domain": "excelencia",
      "description": "Nivel 10: Excelencia financiera. Reserva estratégica que garantiza estabilidad.",
      "kpi": {
        "question": "¿Cuántos meses puedes sobrevivir sin ingresos?",
        "scale_min": 1,
        "scale_max": 4
      },
      "thresholds": {
        "critical": 70,
        "recommended": 85,
        "optimizer": 95,
        "elite": 100
      },
      "treatment": {
        "decision": "Asegurar reserva estratégica",
        "decision_explanation": "Crear colchón financiero real",
        "action": "Escandallo de Oro S10",
        "action_explanation": "Define el nivel de reserva ideal",
        "tool": "Radar de Liquidez S10",
        "tool_explanation": "Monitoriza reserva estratégica",
        "objective": "Alcanzar reserva de seguridad equivalente a 3 meses",
        "kpi_target": "Reserva ≥ 3 meses",
        "activation_condition": "Reserva < 2 meses",
        "success_condition": "Reserva estabilizada en ≥ 3 meses",
        "risk_if_ignored": "Vulnerabilidad ante crisis o caídas de ventas",
        "sequence": [
          "Calcular gasto estructura",
          "Definir fondo de reserva",
          "Constituir reserva mensual"
        ],
        "impact_level": "alto",
        "timeframe": "3-6 meses"
      },
      "master_treatment": {
        "master_decision": "Gobierno de Liquidez S10",
        "master_decision_explanation": "Blindar la estabilidad financiera",
        "master_action": "Consolidar fondo de reserva",
        "master_action_explanation": "Garantiza paz mental del dueño",
        "master_tool": "Radar S10",
        "master_tool_explanation": "Monitoriza reserva estratégica"
      },
      "inputs": {
        "input_a": "Fondo Reserva",
        "input_b": "Gasto Estructura",
        "formula": "Fondo / Gasto Estructura",
        "impact": "Sello S10: Meses de tranquilidad absoluta"
      },
      "review": {
        "input_revised_1": "Reserva Final",
        "input_revised_2": "Gasto Estruc.",
        "result_revised": "S10 Sello"
      }
    }
  ]
}